upc,title,price,rating
a-light-in-the-attic_1000,A Light in the Attic,£51.77,Three
tipping-the-velvet_999,Tipping the Velvet,£53.74,One
soumission_998,Soumission,£50.10,One
sharp-objects_997,Sharp Objects,£47.82,Four
sapiens-a-brief-history-of-humankind_996,Sapiens: A Brief History of Humankind,£54.23,Five
the-requiem-red_995,The Requiem Red,£22.65,One
the-dirty-little-secrets-of-getting-your-dream-job_994,The Dirty Little Secrets of Getting Your Dream Job,£33.34,Four
the-coming-woman-a-novel-based-on-the-life-of-the-infamous-feminist-victoria-woodhull_993,"The Coming Woman: A Novel Based on the Life of the Infamous Feminist, Victoria Woodhull",£17.93,Three
the-boys-in-the-boat-nine-americans-and-their-epic-quest-for-gold-at-the-1936-berlin-olympics_992,The Boys in the Boat: Nine Americans and Their Epic Quest for Gold at the 1936 Berlin Olympics,£22.60,Four
the-black-maria_991,The Black Maria,£52.15,One
starving-hearts-triangular-trade-trilogy-1_990,"Starving Hearts (Triangular Trade Trilogy, #1)",£13.99,Two
shakespeares-sonnets_989,Shakespeare's Sonnets,£20.66,Four
set-me-free_988,Set Me Free,£17.46,Five
scott-pilgrims-precious-little-life-scott-pilgrim-1_987,Scott Pilgrim's Precious Little Life (Scott Pilgrim #1),£52.29,Five
rip-it-up-and-start-again_986,Rip it Up and Start Again,£35.02,Five
our-band-could-be-your-life-scenes-from-the-american-indie-underground-1981-1991_985,"Our Band Could Be Your Life: Scenes from the American Indie Underground, 1981-1991",£57.25,Three
olio_984,Olio,£23.88,One
mesaerion-the-best-science-fiction-stories-1800-1849_983,Mesaerion: The Best Science Fiction Stories 1800-1849,£37.59,One
libertarianism-for-beginners_982,Libertarianism for Beginners,£51.33,Two
its-only-the-himalayas_981,It's Only the Himalayas,£45.17,Two
in-her-wake_980,In Her Wake,£12.84,One
how-music-works_979,How Music Works,£37.32,Two
foolproof-preserving-a-guide-to-small-batch-jams-jellies-pickles-condiments-and-more-a-foolproof-guide-to-making-small-batch-jams-jellies-pickles-condiments-and-more_978,"Foolproof Preserving: A Guide to Small Batch Jams, Jellies, Pickles, Condiments, and More: A Foolproof Guide to Making Small Batch Jams, Jellies, Pickles, Condiments, and More",£30.52,Three
chase-me-paris-nights-2_977,Chase Me (Paris Nights #2),£25.27,Five
black-dust_976,Black Dust,£34.53,Five
birdsong-a-story-in-pictures_975,Birdsong: A Story in Pictures,£54.64,Three
americas-cradle-of-quarterbacks-western-pennsylvanias-football-factory-from-johnny-unitas-to-joe-montana_974,America's Cradle of Quarterbacks: Western Pennsylvania's Football Factory from Johnny Unitas to Joe Montana,£22.50,Three
aladdin-and-his-wonderful-lamp_973,Aladdin and His Wonderful Lamp,£53.13,Three
worlds-elsewhere-journeys-around-shakespeares-globe_972,Worlds Elsewhere: Journeys Around Shakespeare’s Globe,£40.30,Five
wall-and-piece_971,Wall and Piece,£44.18,Four
the-four-agreements-a-practical-guide-to-personal-freedom_970,The Four Agreements: A Practical Guide to Personal Freedom,£17.66,Five
the-five-love-languages-how-to-express-heartfelt-commitment-to-your-mate_969,The Five Love Languages: How to Express Heartfelt Commitment to Your Mate,£31.05,Three
the-elephant-tree_968,The Elephant Tree,£23.82,Five
the-bear-and-the-piano_967,The Bear and the Piano,£36.89,One
sophies-world_966,Sophie's World,£15.94,Five
penny-maybe_965,Penny Maybe,£33.29,Three
maude-1883-1993she-grew-up-with-the-country_964,Maude (1883-1993):She Grew Up with the country,£18.02,Two
in-a-dark-dark-wood_963,"In a Dark, Dark Wood",£19.63,One
behind-closed-doors_962,Behind Closed Doors,£52.22,Four
you-cant-bury-them-all-poems_961,You can't bury them all: Poems,£33.63,Two
slow-states-of-collapse-poems_960,Slow States of Collapse: Poems,£57.31,Three
reasons-to-stay-alive_959,Reasons to Stay Alive,£26.41,Two
private-paris-private-10_958,Private Paris (Private #10),£47.61,Five
higherselfie-wake-up-your-life-free-your-soul-find-your-tribe_957,#HigherSelfie: Wake Up Your Life. Free Your Soul. Find Your Tribe.,£23.11,Five
without-borders-wanderlove-1_956,Without Borders (Wanderlove #1),£45.07,Two
when-we-collided_955,When We Collided,£31.77,One
we-love-you-charlie-freeman_954,"We Love You, Charlie Freeman",£50.27,Five
untitled-collection-sabbath-poems-2014_953,Untitled Collection: Sabbath Poems 2014,£14.27,Four
unseen-city-the-majesty-of-pigeons-the-discreet-charm-of-snails-other-wonders-of-the-urban-wilderness_952,"Unseen City: The Majesty of Pigeons, the Discreet Charm of Snails & Other Wonders of the Urban Wilderness",£44.18,Four
unicorn-tracks_951,Unicorn Tracks,£18.78,Three
unbound-how-eight-technologies-made-us-human-transformed-society-and-brought-our-world-to-the-brink_950,"Unbound: How Eight Technologies Made Us Human, Transformed Society, and Brought Our World to the Brink",£25.52,One
tsubasa-world-chronicle-2-tsubasa-world-chronicle-2_949,Tsubasa: WoRLD CHRoNiCLE 2 (Tsubasa WoRLD CHRoNiCLE #2),£16.28,One
throwing-rocks-at-the-google-bus-how-growth-became-the-enemy-of-prosperity_948,Throwing Rocks at the Google Bus: How Growth Became the Enemy of Prosperity,£31.12,Three
this-one-summer_947,This One Summer,£19.49,Four
thirst_946,Thirst,£17.27,Five
the-torch-is-passed-a-harding-family-story_945,The Torch Is Passed: A Harding Family Story,£19.09,One
the-secret-of-dreadwillow-carse_944,The Secret of Dreadwillow Carse,£56.13,One
the-pioneer-woman-cooks-dinnertime-comfort-classics-freezer-food-16-minute-meals-and-other-delicious-ways-to-solve-supper_943,"The Pioneer Woman Cooks: Dinnertime: Comfort Classics, Freezer Food, 16-Minute Meals, and Other Delicious Ways to Solve Supper!",£56.41,One
the-past-never-ends_942,The Past Never Ends,£56.50,Four
the-natural-history-of-us-the-fine-art-of-pretending-2_941,The Natural History of Us (The Fine Art of Pretending #2),£45.22,Three
